EmployeeId,EmpName,EmpDepartment,EmpSalary,EmpCountry
EmpId_1,John Smith,Finance,65000,United States
EmpId_2,Amy Johnson,Human Resources,50000,United Kingdom
EmpId_3,David Lee,Marketing,70000,Canada
EmpId_4,Emily Park,Engineering,80000,Australia
EmpId_5,Adam Brown,Operations,55000,United States
EmpId_6,Sophia Lee,Marketing,75000,India
EmpId_7,Daniel Kim,Research and Development,85000,South Korea
EmpId_8,Megan Lee,Human Resources,60000,China
EmpId_9,Justin Lee,Engineering,90000,United States
EmpId_10,Evelyn Chen,Finance,65000,Taiwan
EmpId_11,Alexander Johnson,Operations,55000,Japan
EmpId_12,Victoria Kim,Research and Development,80000,Canada
EmpId_13,Joshua Lee,Marketing,70000,United States
EmpId_14,Avery Kim,Engineering,85000,Australia
EmpId_15,Isaac Park,Human Resources,50000,United Kingdom
EmpId_16,Grace Lee,Finance,75000,India
EmpId_17,David Kim,Operations,55000,South Korea
EmpId_18,Emma Chen,Research and Development,90000,China
EmpId_19,Christopher Lee,Marketing,70000,United States
EmpId_20,Hailey Kim,Engineering,80000,Taiwan
EmpId_21,Benjamin Johnson,Human Resources,60000,Japan
EmpId_22,Allison Kim,Operations,55000,Canada
EmpId_23,Alex Lee,Research and Development,85000,United States
EmpId_24,Natalie Park,Marketing,75000,Australia
EmpId_25,Ethan Brown,Engineering,90000,United Kingdom
EmpId_26,Emily Lee,Human Resources,50000,India
EmpId_27,William Kim,Finance,65000,South Korea
EmpId_28,Kayla Lee,Operations,55000,China
EmpId_29,Jonathan Lee,Research and Development,80000,United States
EmpId_30,Olivia Chen,Marketing,70000,Taiwan
EmpId_31,Andrew Johnson,Engineering,85000,Japan
EmpId_32,Isabella Kim,Human Resources,60000,Canada
EmpId_33,Dylan Lee,Finance,75000,United States
EmpId_34,Anna Park,Operations,55000,Australia
EmpId_35,Lucas Brown,Research and Development,90000,United Kingdom
EmpId_36,Chloe Lee,Marketing,70000,India
EmpId_37,Ryan Kim,Finance,65000,South Korea
EmpId_38,Julia Lee,Engineering,80000,China
EmpId_39,Michael Lee,Human Resources,50000,United States
EmpId_40,Stephanie Chen,Operations,55000,Taiwan
EmpId_41,David Johnson,Research and Development,90000,Japan
EmpId_42,Samantha Kim,Marketing,75000,Canada
EmpId_43,Steven Lee,Engineering,85000,United States
EmpId_44,Lucy Park,Human Resources,60000,Australia
EmpId_45,Jason Brown,Operations,55000,United Kingdom
EmpId_46,Julie Lee,Research and Development,80000,India
EmpId_47,Richard Kim,Marketing,70000,South Korea
EmpId_48,Lauren Lee,Engineering,85000,China
EmpId_49,Matthew Kim,Human Resources,50000,United States
EmpId_50,Jasmine Chen,Finance,65000,Taiwan
EmpId_51,Thomas Johnson,Operations,55000,Japan
EmpId_52,Sara Kim,Research and Development,90000,Canada
EmpId_53,Timothy Lee,Marketing,70000,United States
EmpId_54,Christina Park,Engineering,80000,Australia
EmpId_55,Brandon Brown,Human Resources,60000,United Kingdom
EmpId_56,Caroline Lee,Finance,75000,India
EmpId_57,Andrew Kim,Operations,55000,South Korea
EmpId_58,Sophie Chen,Research and Development,85000,China
EmpId_59,David Lee,Marketing,70000,United States
EmpId_60,Christine Kim,Engineering,90000,Taiwan
EmpId_61,Christopher Johnson,Human Resources,50000,Japan
EmpId_62,Olivia Kim,Operations,55000,Canada
EmpId_63,Joshua Lee,Research and Development,80000,United States
EmpId_64,Katherine Park,Marketing,75000,Australia
EmpId_65,Michael Brown,Engineering,85000,United Kingdom
EmpId_66,Ashley Lee,Human Resources,60000,India
EmpId_67,Brandon Kim,Finance,65000,South Korea
EmpId_68,Megan Lee,Operations,55000,China
EmpId_69,Ryan Lee,Research and Development,90000,United States
EmpId_70,Mia Chen,Marketing,70000,Taiwan
EmpId_71,Jonathan Johnson,Engineering,85000,Japan
EmpId_72,Emma Kim,Human Resources,60000,Canada
EmpId_73,Austin Lee,Finance,75000,United States
EmpId_74,Sophia Park,Operations,55000,Australia
EmpId_75,Kevin Brown,Research and Development,90000,United Kingdom
EmpId_76,Michelle Lee,Marketing,70000,India
EmpId_77,Sean Kim,Engineering,85000,South Korea
EmpId_78,Natalie Lee,Human Resources,50000,China
EmpId_79,Anthony Chen,Finance,65000,United States
EmpId_80,Samantha Johnson,Operations,55000,Taiwan
EmpId_81,Matthew Kim,Research and Development,80000,Japan
EmpId_82,Alexis Lee,Marketing,75000,Canada
EmpId_83,Ryan Park,Engineering,90000,United States
EmpId_84,Grace Brown,Human Resources,60000,Australia
EmpId_85,Jonathan Lee,Finance,75000,United Kingdom
EmpId_86,Kimberly Chen,Operations,55000,India
EmpId_87,David Kim,Research and Development,85000,South Korea
EmpId_88,Ava Lee,Marketing,70000,China
EmpId_89,Christopher Lee,Engineering,90000,United States
EmpId_90,Kaitlyn Park,Human Resources,50000,Australia
EmpId_91,William Brown,Finance,65000,United Kingdom
EmpId_92,Chloe Lee,Operations,55000,India
EmpId_93,Steven Kim,Research and Development,80000,South Korea
EmpId_94,Emily Lee,Marketing,70000,China
EmpId_95,John Park,Engineering,85000,United States
EmpId_96,Samantha Brown,Human Resources,50000,Australia
EmpId_97,David Lee,Finance,75000,United Kingdom
EmpId_98,Amy Chen,Operations,55000,India
EmpId_99,Michael Kim,Research and Development,90000,South Korea
EmpId_100,Grace Lee,Marketing,70000,China



